-- phpMyAdmin SQL Dump
-- version 5.2.0
-- https://www.phpmyadmin.net/
--
-- Host: 127.0.0.1
-- Waktu pembuatan: 30 Bulan Mei 2024 pada 17.12
-- Versi server: 10.4.17-MariaDB
-- Versi PHP: 8.0.2

SET SQL_MODE = "NO_AUTO_VALUE_ON_ZERO";
START TRANSACTION;
SET time_zone = "+00:00";


/*!40101 SET @OLD_CHARACTER_SET_CLIENT=@@CHARACTER_SET_CLIENT */;
/*!40101 SET @OLD_CHARACTER_SET_RESULTS=@@CHARACTER_SET_RESULTS */;
/*!40101 SET @OLD_COLLATION_CONNECTION=@@COLLATION_CONNECTION */;
/*!40101 SET NAMES utf8mb4 */;

--
-- Database: `angka_acak`
--

-- --------------------------------------------------------

--
-- Struktur dari tabel `data_detail_kecelakaan`
--

CREATE TABLE `data_detail_kecelakaan` (
  `id` int(11) NOT NULL,
  `id_data_kecelakaan` int(11) NOT NULL,
  `data_bulan` varchar(255) NOT NULL
) ENGINE=InnoDB DEFAULT CHARSET=utf8mb4;

--
-- Dumping data untuk tabel `data_detail_kecelakaan`
--

INSERT INTO `data_detail_kecelakaan` (`id`, `id_data_kecelakaan`, `data_bulan`) VALUES
(1729, 145, '1'),
(1730, 145, '5'),
(1731, 145, '6'),
(1732, 145, '3'),
(1733, 145, '5'),
(1734, 145, '6'),
(1735, 145, '8'),
(1736, 145, '3'),
(1737, 145, '5'),
(1738, 145, '3'),
(1739, 145, '3'),
(1740, 145, '9'),
(1741, 146, '9'),
(1742, 146, '10'),
(1743, 146, '3'),
(1744, 146, '8'),
(1745, 146, '6'),
(1746, 146, '13'),
(1747, 146, '16'),
(1748, 146, '8'),
(1749, 146, '11'),
(1750, 146, '7'),
(1751, 146, '10'),
(1752, 146, '8'),
(1753, 147, '9'),
(1754, 147, '6'),
(1755, 147, '6'),
(1756, 147, '5'),
(1757, 147, '6'),
(1758, 147, '14'),
(1759, 147, '16'),
(1760, 147, '3'),
(1761, 147, '3'),
(1762, 147, '5'),
(1763, 147, '10'),
(1764, 147, '12'),
(1765, 148, '5'),
(1766, 148, '4'),
(1767, 148, '6'),
(1768, 148, '4'),
(1769, 148, '5'),
(1770, 148, '6'),
(1771, 148, '9'),
(1772, 148, '4'),
(1773, 148, '6'),
(1774, 148, '2'),
(1775, 148, '10'),
(1776, 148, '7'),
(1777, 149, '7'),
(1778, 149, '3'),
(1779, 149, '12'),
(1780, 149, '6'),
(1781, 149, '14'),
(1782, 149, '13'),
(1783, 149, '13'),
(1784, 149, '13'),
(1785, 149, '7'),
(1786, 149, '10'),
(1787, 149, '8'),
(1788, 149, '8'),
(1789, 150, '1'),
(1790, 150, '6'),
(1791, 150, '13'),
(1792, 150, '15'),
(1793, 150, '14'),
(1794, 150, '12'),
(1795, 150, '9'),
(1796, 150, '8'),
(1797, 150, '6'),
(1798, 150, '10'),
(1799, 150, '8'),
(1800, 150, '12'),
(1801, 151, '2'),
(1802, 151, '3'),
(1803, 151, '4'),
(1804, 151, '3'),
(1805, 151, '6'),
(1806, 151, '9'),
(1807, 151, '7'),
(1808, 151, '6'),
(1809, 151, '5'),
(1810, 151, '6'),
(1811, 151, '4'),
(1812, 151, '7'),
(1813, 152, '9'),
(1814, 152, '7'),
(1815, 152, '3'),
(1816, 152, '3'),
(1817, 152, '5'),
(1818, 152, '6'),
(1819, 152, '2'),
(1820, 152, '1'),
(1821, 152, '1'),
(1822, 152, '0'),
(1823, 152, '3'),
(1824, 152, '2'),
(1825, 153, '6'),
(1826, 153, '5'),
(1827, 153, '4'),
(1828, 153, '4'),
(1829, 153, '7'),
(1830, 153, '13'),
(1831, 153, '5'),
(1832, 153, '0'),
(1833, 153, '5'),
(1834, 153, '2'),
(1835, 153, '0'),
(1836, 153, '1'),
(1837, 154, '3'),
(1838, 154, '6'),
(1839, 154, '3'),
(1840, 154, '2'),
(1841, 154, '4'),
(1842, 154, '2'),
(1843, 154, '4'),
(1844, 154, '5'),
(1845, 154, '2'),
(1846, 154, '5'),
(1847, 154, '5'),
(1848, 154, '1'),
(1849, 155, '3'),
(1850, 155, '8'),
(1851, 155, '4'),
(1852, 155, '2'),
(1853, 155, '1'),
(1854, 155, '0'),
(1855, 155, '6'),
(1856, 155, '4'),
(1857, 155, '1'),
(1858, 155, '1'),
(1859, 155, '1'),
(1860, 155, '0'),
(1861, 156, '1'),
(1862, 156, '7'),
(1863, 156, '3'),
(1864, 156, '2'),
(1865, 156, '2'),
(1866, 156, '1'),
(1867, 156, '5'),
(1868, 156, '2'),
(1869, 156, '0'),
(1870, 156, '5'),
(1871, 156, '3'),
(1872, 156, '0'),
(1873, 157, '1'),
(1874, 157, '2'),
(1875, 157, '1'),
(1876, 157, '4'),
(1877, 157, '3'),
(1878, 157, '1'),
(1879, 157, '10'),
(1880, 157, '8'),
(1881, 157, '3'),
(1882, 157, '3'),
(1883, 157, '3'),
(1884, 157, '4'),
(1885, 158, '1'),
(1886, 158, '5'),
(1887, 158, '1'),
(1888, 158, '0'),
(1889, 158, '1'),
(1890, 158, '2'),
(1891, 158, '3'),
(1892, 158, '2'),
(1893, 158, '0'),
(1894, 158, '0'),
(1895, 158, '0'),
(1896, 158, '1'),
(1897, 159, '2'),
(1898, 159, '9'),
(1899, 159, '3'),
(1900, 159, '35'),
(1901, 159, '0'),
(1902, 159, '0'),
(1903, 159, '7'),
(1904, 159, '7'),
(1905, 159, '1'),
(1906, 159, '1'),
(1907, 159, '7'),
(1908, 159, '1'),
(1909, 160, '4'),
(1910, 160, '2'),
(1911, 160, '4'),
(1912, 160, '4'),
(1913, 160, '5'),
(1914, 160, '11'),
(1915, 160, '6'),
(1916, 160, '5'),
(1917, 160, '6'),
(1918, 160, '6'),
(1919, 160, '3'),
(1920, 160, '4'),
(1921, 161, '2'),
(1922, 161, '1'),
(1923, 161, '1'),
(1924, 161, '1'),
(1925, 161, '3'),
(1926, 161, '11'),
(1927, 161, '15'),
(1928, 161, '2'),
(1929, 161, '7'),
(1930, 161, '5'),
(1931, 161, '5'),
(1932, 161, '4'),
(1933, 162, '4'),
(1934, 162, '3'),
(1935, 162, '2'),
(1936, 162, '2'),
(1937, 162, '22'),
(1938, 162, '53'),
(1939, 162, '18'),
(1940, 162, '9'),
(1941, 162, '57'),
(1942, 162, '21'),
(1943, 162, '28'),
(1944, 162, '15'),
(1945, 163, '1'),
(1946, 163, '8'),
(1947, 163, '1'),
(1948, 163, '2'),
(1949, 163, '8'),
(1950, 163, '6'),
(1951, 163, '3'),
(1952, 163, '5'),
(1953, 163, '6'),
(1954, 163, '2'),
(1955, 163, '5'),
(1956, 163, '3'),
(1957, 164, '0'),
(1958, 164, '4'),
(1959, 164, '3'),
(1960, 164, '2'),
(1961, 164, '4'),
(1962, 164, '8'),
(1963, 164, '1'),
(1964, 164, '7'),
(1965, 164, '2'),
(1966, 164, '2'),
(1967, 164, '1'),
(1968, 164, '0'),
(1969, 165, '18'),
(1970, 165, '20'),
(1971, 165, '9'),
(1972, 165, '9'),
(1973, 165, '31'),
(1974, 165, '31'),
(1975, 165, '18'),
(1976, 165, '13'),
(1977, 165, '23'),
(1978, 165, '25'),
(1979, 165, '23'),
(1980, 165, '20'),
(1981, 166, '10'),
(1982, 166, '2'),
(1983, 166, '5'),
(1984, 166, '3'),
(1985, 166, '8'),
(1986, 166, '2'),
(1987, 166, '3'),
(1988, 166, '5'),
(1989, 166, '5'),
(1990, 166, '6'),
(1991, 166, '5'),
(1992, 166, '5'),
(1993, 167, '5'),
(1994, 167, '3'),
(1995, 167, '5'),
(1996, 167, '5'),
(1997, 167, '5'),
(1998, 167, '2'),
(1999, 167, '2'),
(2000, 167, '1'),
(2001, 167, '6'),
(2002, 167, '2'),
(2003, 167, '3'),
(2004, 167, '4'),
(2005, 168, '23'),
(2006, 168, '9'),
(2007, 168, '33'),
(2008, 168, '27'),
(2009, 168, '22'),
(2010, 168, '8'),
(2011, 168, '20'),
(2012, 168, '12'),
(2013, 168, '5'),
(2014, 168, '11'),
(2015, 168, '10'),
(2016, 168, '8'),
(2017, 169, '4'),
(2018, 169, '6'),
(2019, 169, '5'),
(2020, 169, '8'),
(2021, 169, '4'),
(2022, 169, '8'),
(2023, 169, '3'),
(2024, 169, '6'),
(2025, 169, '1'),
(2026, 169, '6'),
(2027, 169, '7'),
(2028, 169, '2'),
(2029, 170, '4'),
(2030, 170, '1'),
(2031, 170, '1'),
(2032, 170, '7'),
(2033, 170, '0'),
(2034, 170, '7'),
(2035, 170, '1'),
(2036, 170, '4'),
(2037, 170, '1'),
(2038, 170, '0'),
(2039, 170, '1'),
(2040, 170, '1'),
(2041, 171, '15'),
(2042, 171, '24'),
(2043, 171, '29'),
(2044, 171, '33'),
(2045, 171, '33'),
(2046, 171, '40'),
(2047, 171, '38'),
(2048, 171, '43'),
(2049, 171, '43'),
(2050, 171, '33'),
(2051, 171, '47'),
(2052, 171, '27'),
(2053, 172, '5'),
(2054, 172, '2'),
(2055, 172, '1'),
(2056, 172, '7'),
(2057, 172, '5'),
(2058, 172, '7'),
(2059, 172, '1'),
(2060, 172, '5'),
(2061, 172, '5'),
(2062, 172, '7'),
(2063, 172, '2'),
(2064, 172, '4'),
(2065, 173, '3'),
(2066, 173, '0'),
(2067, 173, '1'),
(2068, 173, '1'),
(2069, 173, '1'),
(2070, 173, '1'),
(2071, 173, '1'),
(2072, 173, '0'),
(2073, 173, '0'),
(2074, 173, '2'),
(2075, 173, '0'),
(2076, 173, '0'),
(2077, 174, '37'),
(2078, 174, '48'),
(2079, 174, '50'),
(2080, 174, '44'),
(2081, 174, '48'),
(2082, 174, '63'),
(2083, 174, '37'),
(2084, 174, '63'),
(2085, 174, '31'),
(2086, 174, '47'),
(2087, 174, '67'),
(2088, 174, '57'),
(2089, 175, '11'),
(2090, 175, '4'),
(2091, 175, '2'),
(2092, 175, '2'),
(2093, 175, '6'),
(2094, 175, '4'),
(2095, 175, '7'),
(2096, 175, '5'),
(2097, 175, '6'),
(2098, 175, '5'),
(2099, 175, '2'),
(2100, 175, '4'),
(2101, 176, '1'),
(2102, 176, '0'),
(2103, 176, '1'),
(2104, 176, '0'),
(2105, 176, '0'),
(2106, 176, '2'),
(2107, 176, '1'),
(2108, 176, '1'),
(2109, 176, '1'),
(2110, 176, '0'),
(2111, 176, '0'),
(2112, 176, '0'),
(2113, 177, '49'),
(2114, 177, '64'),
(2115, 177, '42'),
(2116, 177, '53'),
(2117, 177, '46'),
(2118, 177, '43'),
(2119, 177, '56'),
(2120, 177, '45'),
(2121, 177, '44'),
(2122, 177, '59'),
(2123, 177, '50'),
(2124, 177, '60'),
(2125, 178, '4'),
(2126, 178, '5'),
(2127, 178, '4'),
(2128, 178, '3'),
(2129, 178, '6'),
(2130, 178, '6'),
(2131, 178, '5'),
(2132, 178, '9'),
(2133, 178, '6'),
(2134, 178, '3'),
(2135, 178, '3'),
(2136, 178, '5'),
(2137, 179, '0'),
(2138, 179, '0'),
(2139, 179, '0'),
(2140, 179, '3'),
(2141, 179, '4'),
(2142, 179, '4'),
(2143, 179, '7'),
(2144, 179, '8'),
(2145, 179, '17'),
(2146, 179, '15'),
(2147, 179, '7'),
(2148, 179, '17'),
(2149, 180, '54'),
(2150, 180, '64'),
(2151, 180, '83'),
(2152, 180, '73'),
(2153, 180, '69'),
(2154, 180, '82'),
(2155, 180, '43'),
(2156, 180, '40'),
(2157, 180, '37'),
(2158, 180, '64'),
(2159, 180, '38'),
(2160, 180, '68'),
(2161, 181, '6'),
(2162, 181, '3'),
(2163, 181, '4'),
(2164, 181, '1'),
(2165, 181, '3'),
(2166, 181, '7'),
(2167, 181, '8'),
(2168, 181, '6'),
(2169, 181, '8'),
(2170, 181, '4'),
(2171, 181, '6'),
(2172, 181, '5'),
(2173, 182, '6'),
(2174, 182, '9'),
(2175, 182, '15'),
(2176, 182, '9'),
(2177, 182, '15'),
(2178, 182, '11'),
(2179, 182, '13'),
(2180, 182, '11'),
(2181, 182, '20'),
(2182, 182, '17'),
(2183, 182, '16'),
(2184, 182, '13'),
(2185, 183, '47'),
(2186, 183, '36'),
(2187, 183, '55'),
(2188, 183, '31'),
(2189, 183, '51'),
(2190, 183, '41'),
(2191, 183, '35'),
(2192, 183, '35'),
(2193, 183, '30'),
(2194, 183, '41'),
(2195, 183, '54'),
(2196, 183, '45'),
(2197, 184, '6'),
(2198, 184, '3'),
(2199, 184, '4'),
(2200, 184, '1'),
(2201, 184, '3'),
(2202, 184, '7'),
(2203, 184, '8'),
(2204, 184, '6'),
(2205, 184, '8'),
(2206, 184, '4'),
(2207, 184, '6'),
(2208, 184, '5'),
(2209, 185, '6'),
(2210, 185, '9'),
(2211, 185, '15'),
(2212, 185, '9'),
(2213, 185, '15'),
(2214, 185, '11'),
(2215, 185, '13'),
(2216, 185, '11'),
(2217, 185, '20'),
(2218, 185, '17'),
(2219, 185, '16'),
(2220, 185, '13'),
(2221, 186, '47'),
(2222, 186, '36'),
(2223, 186, '55'),
(2224, 186, '31'),
(2225, 186, '51'),
(2226, 186, '41'),
(2227, 186, '35'),
(2228, 186, '35'),
(2229, 186, '30'),
(2230, 186, '41'),
(2231, 186, '54'),
(2232, 186, '45'),
(2233, 187, '2'),
(2234, 187, '5'),
(2235, 187, '3'),
(2236, 187, '2'),
(2237, 187, '3'),
(2238, 187, '5'),
(2239, 187, '3'),
(2240, 187, '3'),
(2241, 187, '2'),
(2242, 187, '5'),
(2243, 187, '4'),
(2244, 187, '2'),
(2245, 188, '3'),
(2246, 188, '3'),
(2247, 188, '3'),
(2248, 188, '8'),
(2249, 188, '7'),
(2250, 188, '4'),
(2251, 188, '4'),
(2252, 188, '4'),
(2253, 188, '9'),
(2254, 188, '5'),
(2255, 188, '5'),
(2256, 188, '2'),
(2257, 189, '26'),
(2258, 189, '18'),
(2259, 189, '25'),
(2260, 189, '24'),
(2261, 189, '36'),
(2262, 189, '38'),
(2263, 189, '29'),
(2264, 189, '36'),
(2265, 189, '26'),
(2266, 189, '32'),
(2267, 189, '30'),
(2268, 189, '31'),
(2269, 190, '4'),
(2270, 190, '2'),
(2271, 190, '3'),
(2272, 190, '1'),
(2273, 190, '1'),
(2274, 190, '2'),
(2275, 190, '3'),
(2276, 190, '4'),
(2277, 190, '6'),
(2278, 190, '1'),
(2279, 190, '1'),
(2280, 190, '1'),
(2281, 191, '9'),
(2282, 191, '4'),
(2283, 191, '1'),
(2284, 191, '4'),
(2285, 191, '5'),
(2286, 191, '4'),
(2287, 191, '2'),
(2288, 191, '4'),
(2289, 191, '1'),
(2290, 191, '2'),
(2291, 191, '0'),
(2292, 191, '2'),
(2293, 192, '29'),
(2294, 192, '30'),
(2295, 192, '25'),
(2296, 192, '25'),
(2297, 192, '35'),
(2298, 192, '37'),
(2299, 192, '41'),
(2300, 192, '31'),
(2301, 192, '58'),
(2302, 192, '41'),
(2303, 192, '37'),
(2304, 192, '40');

-- --------------------------------------------------------

--
-- Struktur dari tabel `data_kecelakaan`
--

CREATE TABLE `data_kecelakaan` (
  `id` int(11) NOT NULL,
  `id_kategori` int(11) NOT NULL,
  `tahun` year(4) DEFAULT NULL
) ENGINE=InnoDB DEFAULT CHARSET=utf8mb4;

--
-- Dumping data untuk tabel `data_kecelakaan`
--

INSERT INTO `data_kecelakaan` (`id`, `id_kategori`, `tahun`) VALUES
(145, 1, 2007),
(146, 2, 2007),
(147, 3, 2007),
(148, 1, 2008),
(149, 2, 2008),
(150, 3, 2008),
(151, 1, 2009),
(152, 2, 2009),
(153, 3, 2009),
(154, 1, 2010),
(155, 2, 2010),
(156, 3, 2010),
(157, 1, 2011),
(158, 2, 2011),
(159, 3, 2011),
(160, 1, 2012),
(161, 2, 2012),
(162, 3, 2012),
(163, 1, 2013),
(164, 2, 2013),
(165, 3, 2013),
(166, 1, 2014),
(167, 2, 2014),
(168, 3, 2014),
(169, 1, 2015),
(170, 2, 2015),
(171, 3, 2015),
(172, 1, 2016),
(173, 2, 2016),
(174, 3, 2016),
(175, 1, 2017),
(176, 2, 2017),
(177, 3, 2017),
(178, 1, 2018),
(179, 2, 2018),
(180, 3, 2018),
(181, 1, 2019),
(182, 2, 2019),
(183, 3, 2019),
(184, 1, 2020),
(185, 2, 2020),
(186, 3, 2020),
(187, 1, 2021),
(188, 2, 2021),
(189, 3, 2021),
(190, 1, 2022),
(191, 2, 2022),
(192, 3, 2022);

-- --------------------------------------------------------

--
-- Struktur dari tabel `kategori`
--

CREATE TABLE `kategori` (
  `id` int(11) NOT NULL,
  `nama` varchar(255) NOT NULL
) ENGINE=InnoDB DEFAULT CHARSET=utf8mb4;

--
-- Dumping data untuk tabel `kategori`
--

INSERT INTO `kategori` (`id`, `nama`) VALUES
(1, 'Meninggal Dunia'),
(2, 'Luka Berat'),
(3, 'Luka Ringan');

-- --------------------------------------------------------

--
-- Struktur dari tabel `parameter_angka_acak`
--

CREATE TABLE `parameter_angka_acak` (
  `id` int(11) NOT NULL,
  `id_kategori` int(11) DEFAULT NULL,
  `tahun` year(4) DEFAULT NULL,
  `a` int(11) NOT NULL,
  `c` int(11) NOT NULL,
  `m` int(11) NOT NULL,
  `zi` int(11) NOT NULL
) ENGINE=InnoDB DEFAULT CHARSET=utf8mb4;

--
-- Indexes for dumped tables
--

--
-- Indeks untuk tabel `data_detail_kecelakaan`
--
ALTER TABLE `data_detail_kecelakaan`
  ADD PRIMARY KEY (`id`),
  ADD KEY `fk_data_kecelakaan_data_detail_kecelakaan` (`id_data_kecelakaan`);

--
-- Indeks untuk tabel `data_kecelakaan`
--
ALTER TABLE `data_kecelakaan`
  ADD PRIMARY KEY (`id`),
  ADD KEY `fk_kategori_data_kecelakaan` (`id_kategori`);

--
-- Indeks untuk tabel `kategori`
--
ALTER TABLE `kategori`
  ADD PRIMARY KEY (`id`);

--
-- Indeks untuk tabel `parameter_angka_acak`
--
ALTER TABLE `parameter_angka_acak`
  ADD PRIMARY KEY (`id`),
  ADD KEY `fk_kategori_data_parameter` (`id_kategori`);

--
-- AUTO_INCREMENT untuk tabel yang dibuang
--

--
-- AUTO_INCREMENT untuk tabel `data_detail_kecelakaan`
--
ALTER TABLE `data_detail_kecelakaan`
  MODIFY `id` int(11) NOT NULL AUTO_INCREMENT, AUTO_INCREMENT=2305;

--
-- AUTO_INCREMENT untuk tabel `data_kecelakaan`
--
ALTER TABLE `data_kecelakaan`
  MODIFY `id` int(11) NOT NULL AUTO_INCREMENT, AUTO_INCREMENT=193;

--
-- AUTO_INCREMENT untuk tabel `kategori`
--
ALTER TABLE `kategori`
  MODIFY `id` int(11) NOT NULL AUTO_INCREMENT, AUTO_INCREMENT=4;

--
-- AUTO_INCREMENT untuk tabel `parameter_angka_acak`
--
ALTER TABLE `parameter_angka_acak`
  MODIFY `id` int(11) NOT NULL AUTO_INCREMENT;

--
-- Ketidakleluasaan untuk tabel pelimpahan (Dumped Tables)
--

--
-- Ketidakleluasaan untuk tabel `data_detail_kecelakaan`
--
ALTER TABLE `data_detail_kecelakaan`
  ADD CONSTRAINT `fk_data_kecelakaan_data_detail_kecelakaan` FOREIGN KEY (`id_data_kecelakaan`) REFERENCES `data_kecelakaan` (`id`) ON DELETE CASCADE ON UPDATE CASCADE;

--
-- Ketidakleluasaan untuk tabel `data_kecelakaan`
--
ALTER TABLE `data_kecelakaan`
  ADD CONSTRAINT `fk_kategori_data_kecelakaan` FOREIGN KEY (`id_kategori`) REFERENCES `kategori` (`id`) ON DELETE CASCADE ON UPDATE CASCADE;

--
-- Ketidakleluasaan untuk tabel `parameter_angka_acak`
--
ALTER TABLE `parameter_angka_acak`
  ADD CONSTRAINT `fk_kategori_data_parameter` FOREIGN KEY (`id_kategori`) REFERENCES `kategori` (`id`) ON DELETE CASCADE ON UPDATE CASCADE;
COMMIT;

/*!40101 SET CHARACTER_SET_CLIENT=@OLD_CHARACTER_SET_CLIENT */;
/*!40101 SET CHARACTER_SET_RESULTS=@OLD_CHARACTER_SET_RESULTS */;
/*!40101 SET COLLATION_CONNECTION=@OLD_COLLATION_CONNECTION */;
